{"Ambedkar Puram": 83.5, "Amiliha": 30.1, "Anandpuri": 175.0, "Anwarganj": 72.0, "Arya Nagar": 68.5, "Arya Nagar Kotla Mubarakpur": 70.0, "Ashok Nagar": 48.0, "Ashoknagar": 49.333333333333336, "Awas Vikas": 18.0, "Azad Nagar": 94.69047619047619, "Babu Purwa": 17.0, "Bamba Road": 100.0, "Bans Mandi": 23.175, "Baradevi": 35.7, "Barah Devi Chaurah": 42.333333333333336, "Barra": 52.0, "Barra 2": 25.0, "Barra 3": 36.0, "Bhabha Nagar": 59.0, "Birhana Road": 49.4, "Bithoor": 120.0, "Bithoor Road": 52.0, "Cantt Area": 35.0, "Chamanganj": 23.45, "Chunni Ganj": 39.05, "Civil Lines": 95.18181818181819, "Damodar Nagar": 48.0, "Darshan Purwa": 75.0, "Dayanand Vihar": 95.0, "Deen Dayal Nagar": 75.0, "Deen Dayal Puram": 37.7, "Defence Colony": 53.1, "Fazalganj": 55.0, "Gadarian Purwa": 30.0, "Gandhinagar": 42.0, "Geeta Nagar": 55.0, "General Ganj": 50.0, "Generalganj": 35.0, "Gita Nagar": 51.5, "Gooba Gardens": 38.0, "Govind Nagar": 69.0, "Govindnagar": 63.333333333333336, "Gt Road": 60.0, "Gumti - 5": 55.416666666666664, "Gwaltoli": 52.0, "Halsi Road": 65.0, "Harbansh Mohal": 42.333333333333336, "Harshnagar": 58.0, "Indira Nagar Kalyan Pur": 95.3, "Indranagar": 95.44444444444444, "Jajmau": 38.5, "Jawahar Nagar": 71.0, "Juhi Kalan": 48.4, "Kailash Nagar": 65.0, "Kailash Vihar": 60.0, "Kakadeo": 74.22222222222223, "Kakadev": 71.3076923076923, "Kalyan Pur": 69.63636363636364, "Kanpur": 68.36538461538461, "Kanpur New City": 16.0, "Karachikhana": 120.0, "Kaushalpuri": 58.18181818181818, "Kda Colony": 23.0, "Keshav Nagar": 52.7, "Keshav Puram": 61.6, "Khalasi Lines": 76.5, "Kidwai Nagar": 74.14999999999999, "Kidwainagar": 87.14285714285714, "Krishannagar": 83.66666666666667, "Krishna Puram": 65.63333333333334, "Lajpatnagar": 146.66666666666666, "Lakhanpur": 64.5, "Lal Bangla": 45.15, "Latouche Road": 23.0, "M.P Udyog Nagar": 165.0, "Mac Robertganj": 155.0, "Mainawati Marg": 81.33333333333333, "Malik Puram": 40.0, "Mall Road": 60.0, "Mariampur": 95.0, "Meston Road": 100.0, "Mulganj": 36.93333333333334, "Naramau": 73.33333333333333, "Naubasta": 35.0, "Naveen Nagar": 225.0, "Nayaganj": 70.0, "Neemeshwar Mahamandir Society": 41.0, "Nehrunagar": 56.5, "New Azad Nagar": 21.0, "Niralanagar Juhi": 46.93333333333334, "P Road": 36.15, "Pandunagar": 112.875, "Panki": 39.02307692307692, "Panki Gangaganj": 12.0, "Parade": 36.0, "Parwati Bagla Road": 72.85, "Patkapur": 16.833333333333332, "Patrakarpuram": 110.0, "Police Lines": 65.0, "Premnagar": 31.399999999999995, "Purana Kanpur": 25.8, "Rai Purwa": 66.25, "Ramadevi": 60.0, "Ramakrishnanagar": 55.0, "Ratanlal Nagar": 60.6, "Rawatpur": 250.0, "Saket Nagar": 69.14285714285714, "Sarvodayanagar": 157.66666666666666, "Sharda Nagar": 56.9375, "Shastrinagar": 91.25, "Shatabdi Nagar": 20.75, "Shyam Nagar": 56.04545454545455, "Singhpur": 57.291666666666664, "Souterganj": 48.0, "Sujatganj": 49.8, "Sukhdham Green Ville": 85.0, "Swaroop Nagar": 104.54545454545455, "Swarupnagar": 197.33333333333334, "Tatya Tope Nagar": 45.0, "Tilaknagar": 142.5, "Vijaya Nagar": 21.0, "Vikash Nagar": 69.83333333333333, "Vinayakpur": 42.0, "Vishnupuri": 111.75}